game_pk,home,away
744795,0,3
744796,4,7
744797,9,1
744798,3,6
744799,6,3
744800,4,1
744801,4,3
744802,0,1
744803,4,1
744804,5,1
744805,3,6
744806,1,14
744807,0,12
744808,3,5
744809,5,2
744810,6,7
744811,4,2
744812,6,1
744813,2,5
744814,1,3
744815,8,3
744816,4,6
744817,11,5
744818,2,2
744819,5,9
744820,4,4
744821,1,4
744822,4,7
744823,6,4
744824,3,12
744825,3,8
744826,4,3
744827,0,3
744828,0,4
744829,8,5
744830,5,4
744831,5,2
744832,3,8
744833,0,6
744834,1,0
744835,14,6
744836,6,7
744837,7,5
744838,2,7
744839,3,1
744840,7,9
744841,2,5
744842,3,1
744843,0,5
744844,2,5
744845,2,1
744846,4,0
744847,8,1
744848,7,3
744849,8,5
744850,3,6
744851,3,1
744852,1,9
744853,6,1
744854,7,8
744855,5,9
744856,2,3
744857,12,3
744858,6,7
744859,3,0
744860,0,10
744861,11,8
744862,3,6
744863,1,4
744864,2,11
744865,4,4
744866,6,0
744867,1,2
744868,9,3
744869,5,3
744870,4,7
744871,3,2
744872,3,5
744873,2,5
744874,0,4
744875,4,8
744876,5,6
744877,6,1
744878,1,8
744879,5,15
744880,1,3
744881,2,6
744882,3,3
744883,3,2
744884,7,2
744885,1,4
744886,6,2
744887,2,4
744888,2,3
744889,4,4
744890,3,1
744891,9,10
744892,8,2
744893,7,11
744894,5,3
744895,4,8
744896,10,3
744897,0,1
744898,3,6
744899,7,6
744900,3,1
744901,5,2
744902,7,3
744903,3,7
744904,2,4
744905,6,3
744906,5,5
744907,0,13
744908,7,3
744909,5,4
744910,3,7
744911,4,5
744912,3,5
744913,7,6
744914,1,3
744915,2,9
744916,1,8
744917,3,4
744918,3,7
744919,9,2
744920,3,7
744921,9,3
744922,5,16
744923,6,5
744924,1,3
744925,5,0
744926,7,6
744927,2,2
744928,3,3
744929,5,4
744930,2,7
744931,1,10
744932,1,8
744933,9,2
744934,3,4
744935,9,3
744936,0,5
744937,5,2
744938,4,5
744939,1,6
744940,2,3
744941,1,5
744942,1,4
744943,10,8
744944,5,4
744945,6,5
744946,2,4
744947,3,1
744948,4,6
744949,2,12
744950,1,6
744951,3,1
744952,5,0
744953,5,3
744954,4,12
744955,5,5
744956,5,2
744957,5,3
744958,4,8
744959,2,0
744960,2,8
744961,13,8
744962,0,4
744963,6,4
744964,10,6
744965,7,4
744966,3,1
744967,1,5
744968,3,4
744969,2,9
744970,3,4
744971,2,2
744972,4,8
744973,0,0
744974,3,4
744975,5,5
744976,4,3
744977,2,5
744978,0,4
744979,2,7
744980,2,3
744981,4,6
744982,2,3
744983,2,4
744984,2,1
744985,3,2
744986,6,11
744987,7,4
744988,3,3
744989,10,2
744990,1,9
744991,3,2
744992,3,0
744993,13,2
744994,4,8
744995,4,3
744996,1,3
744997,6,0
744998,4,6
744999,7,0
745000,4,0
745001,1,3
745002,5,3
745003,7,2
745004,6,7
745005,2,14
745006,6,2
745007,9,1
745008,2,5
745009,1,2
745010,1,3
745011,6,1
745012,1,4
745013,2,2
745014,4,7
745015,4,0
745016,3,9
745017,4,2
745018,7,1
745019,0,7
745020,4,8
745021,6,0
745022,4,3
745023,0,1
745024,6,2
745025,2,1
745026,0,4
745027,3,4
745028,5,1
745029,0,1
745030,3,4
745031,7,2
745032,1,3
745033,10,2
745034,5,10
745035,5,9
745036,4,3
745037,11,2
745038,3,2
745039,3,3
745040,1,2
745041,2,0
745042,3,4
745043,1,0
745044,8,3
745045,9,4
745046,4,5
745047,2,1
745048,3,4
745049,6,1
745050,11,4
745051,7,7
745052,5,13
745053,1,2
745054,4,4
745055,2,3
745056,5,7
745057,2,1
745058,1,6
745059,4,0
745060,9,3
745061,2,6
745062,1,4
745063,2,1
745064,2,0
745065,5,4
745066,2,0
745067,2,4
745068,2,3
745069,1,2
745070,3,1
745071,1,8
745072,5,0
745073,2,5
745074,5,3
745075,3,2
745076,11,3
745077,2,2
745078,4,3
745079,3,4
745080,2,5
745081,5,5
745082,0,5
745083,3,6
745084,3,3
745085,2,9
745086,4,7
745087,1,8
745088,4,1
745089,5,8
745090,2,5
745091,0,3
745092,6,10
745093,0,5
745094,0,2
745095,5,1
745096,7,2
745097,1,4
745098,8,2
745099,7,5
745100,3,1
745101,10,8
745102,2,4
745103,5,6
745104,2,1
745105,4,5
745106,3,7
745107,1,7
745108,6,6
745109,3,9
745110,2,11
745111,5,2
745112,2,1
745113,9,4
745114,1,4
745115,2,9
745116,2,8
745117,8,2
745118,2,1
745119,5,1
745120,2,3
745121,10,5
745122,3,1
745123,1,5
745124,6,5
745125,2,0
745126,0,3
745127,2,1
745128,4,10
745129,6,1
745130,4,0
745131,1,6
745132,5,7
745133,4,7
745134,3,3
745135,4,1
745136,2,3
745137,3,0
745138,6,6
745139,1,2
745140,5,2
745141,4,3
745142,5,2
745143,4,6
745144,6,7
745145,3,3
745146,8,10
745147,3,6
745148,10,1
745149,8,1
745150,3,14
745151,3,8
745152,11,3
745153,1,5
745154,2,0
745155,4,6
745156,5,8
745157,2,6
745158,4,1
745159,4,9
745160,4,3
745161,1,0
745162,4,11
745163,9,4
745164,6,5
745165,5,3
745166,5,6
745167,5,1
745168,4,3
745169,8,5
745170,1,2
745171,4,2
745172,4,3
745173,5,4
745174,2,3
745175,5,4
745176,7,6
745177,7,2
745178,10,6
745179,3,11
745180,3,1
745181,6,3
745182,3,4
745183,5,6
745184,0,6
745185,1,5
745186,5,7
745187,3,0
745188,5,1
745189,1,2
745190,5,12
745191,3,3
745192,0,2
745193,1,14
745194,3,5
745195,3,0
745196,3,4
745197,3,1
745198,3,10
745199,1,2
745200,8,5
745201,6,4
745202,2,0
745203,6,6
745204,3,2
745205,2,11
745206,7,0
745207,5,4
745208,4,5
745209,4,4
745210,3,7
745211,6,2
745212,4,3
745213,2,3
745214,5,2
745215,5,1
745216,12,1
745217,5,5
745218,3,4
745219,4,0
745220,6,0
745221,2,4
745222,0,6
745223,2,6
745224,10,2
745225,5,5
745226,1,3
745227,1,5
745228,0,3
745229,2,4
745230,6,4
745231,1,2
745232,1,3
745233,4,5
745234,1,4
745235,4,5
745236,7,3
745237,2,1
745238,2,2
745239,1,5
745240,0,2
745241,7,5
745242,5,0
745243,3,5
745244,4,3
745245,2,3
745246,1,1
745247,3,2
745248,4,4
745249,0,4
745250,1,1
745251,9,0
745252,5,1
745253,5,4
745254,3,2
745255,8,4
745256,6,2
745257,2,4
745258,4,2
745259,4,2
745260,3,2
745261,2,5
745262,1,8
745263,0,1
745264,8,1
745265,2,3
745266,3,1
745267,5,1
745268,9,3
745269,6,1
745270,3,1
745271,2,3
745272,1,4
745273,2,5
745274,4,2
745275,0,8
745276,1,0
745277,5,4
745278,3,3
745279,1,5
745280,3,6
745281,6,5
745282,1,6
745283,4,6
745284,0,8
745285,13,2
745286,0,5
745287,3,4
745288,0,3
745289,2,2
745290,4,6
745291,2,3
745292,5,7
745293,7,8
745294,5,3
745295,4,1
745296,3,4
745297,2,6
745298,6,0
745299,3,1
745300,0,1
745301,2,13
745302,3,4
745303,4,5
745304,3,1
745305,5,4
745306,1,0
745307,4,1
745308,2,2
745309,2,5
745310,5,0
745311,2,4
745312,7,1
745313,3,5
745314,2,2
745315,11,4
745316,3,3
745317,7,14
745318,6,10
745319,3,3
745320,10,4
745321,13,6
745322,5,1
745323,4,4
745324,3,5
745325,4,3
745326,6,8
745327,1,3
745328,5,3
745329,3,4
745330,5,7
745331,2,6
745332,3,7
745333,1,6
745334,3,3
745335,10,5
745336,4,1
745337,0,0
745338,8,4
745339,14,4
745340,2,4
745341,4,1
745342,2,10
745343,4,6
745344,5,1
745345,5,5
745346,2,8
745347,0,0
745348,5,1
745349,3,2
745350,3,4
745351,5,2
745352,1,17
745353,3,5
745354,7,3
745355,7,1
745356,5,0
745357,3,5
745358,4,2
745359,0,4
745360,6,2
745361,2,2
745362,3,2
745363,1,8
745364,2,2
745365,4,0
745366,3,4
745367,3,1
745368,6,7
745369,3,4
745370,5,5
745371,5,1
745372,3,6
745373,3,0
745374,7,5
745375,4,11
745376,2,2
745377,1,7
745378,7,0
745379,3,8
745380,5,3
745381,8,2
745382,3,0
745383,2,1
745384,10,2
745385,3,6
745386,8,1
745387,2,5
745388,3,2
745389,5,5
745390,1,6
745391,1,9
745392,4,0
745393,3,8
745394,0,2
745395,5,7
745396,2,6
745397,5,6
745398,8,8
745399,9,7
745400,8,5
745401,6,6
745402,6,4
745403,9,5
745404,3,3
745405,4,4
745406,10,3
745407,3,9
745408,3,4
745409,6,1
745410,13,1
745411,1,4
745412,4,0
745413,5,2
745414,1,9
745415,0,8
745416,2,1
745417,0,8
745418,3,6
745419,4,0
745420,4,5
745421,1,1
745422,0,5
745423,6,2
745424,3,9
745425,1,5
745426,6,4
745427,2,5
745428,6,8
745429,10,2
745430,1,5
745431,2,5
745432,9,8
745433,1,5
745434,6,3
745435,3,8
745436,6,9
745437,2,6
745438,13,4
745439,2,5
745440,3,2
745441,2,7
745442,2,1
745443,2,5
745444,2,5
745445,6,4
745446,6,4
745447,3,8
745448,1,5
745449,4,3
745450,3,1
745451,9,4
745452,10,14
745453,7,3
745454,3,2
745455,3,5
745456,6,8
745457,2,10
745458,8,18
745459,2,3
745460,6,5
745461,5,9
745462,5,3
745463,7,2
745464,3,10
745465,7,0
745466,6,7
745467,0,6
745468,5,6
745469,8,9
745470,0,6
745471,8,9
745472,5,0
745473,2,1
745474,4,2
745475,1,2
745476,2,5
745477,2,3
745478,4,1
745479,14,2
745480,8,2
745481,7,7
745482,4,7
745483,3,10
745484,2,3
745485,1,3
745486,4,3
745487,4,4
745488,1,2
745489,1,0
745490,4,1
745491,5,11
745492,4,0
745493,4,1
745494,10,6
745495,7,11
745496,3,0
745497,1,0
745498,1,8
745499,4,5
745500,6,7
745501,11,5
745502,5,9
745503,6,6
745504,5,3
745505,10,9
745506,2,7
745507,4,5
745508,0,9
745509,4,1
745510,2,3
745511,0,0
745512,5,7
745513,2,3
745514,1,6
745515,2,4
745516,2,1
745517,3,5
745518,1,8
745519,4,2
745520,7,4
745521,9,6
745522,4,4
745523,1,2
745524,2,5
745525,3,2
745526,4,10
745527,6,2
745528,6,4
745529,3,11
745530,1,1
745531,5,4
745532,3,0
745533,2,7
745534,1,1
745535,9,4
745536,2,2
745537,5,1
745538,2,2
745539,4,6
745540,5,0
745541,0,10
745542,2,2
745543,5,6
745544,9,5
745545,13,3
745546,6,7
745547,4,14
745548,0,5
745549,11,5
745550,3,4
745551,3,18
745552,2,6
745553,8,0
745554,1,3
745555,7,6
745556,4,3
745557,10,1
745558,5,1
745559,2,3
745560,2,0
745561,2,5
745562,4,5
745563,3,3
745564,12,1
745565,4,7
745566,4,1
745567,9,2
745568,1,1
745569,3,1
745570,2,0
745571,5,6
745572,4,5
745573,5,2
745574,4,2
745575,6,1
745576,11,4
745577,11,5
745578,5,2
745579,4,2
745580,5,6
745581,3,3
745582,10,5
745583,14,3
745584,3,5
745585,6,1
745586,10,1
745587,5,4
745588,8,2
745589,4,3
745590,9,5
745591,7,6
745592,7,0
745593,5,0
745594,3,3
745595,2,9
745596,2,5
745597,1,1
745598,9,4
745599,4,12
745600,3,6
745601,5,1
745602,5,4
745603,1,4
745604,3,9
745605,4,4
745606,2,4
745607,1,5
745608,4,7
745609,3,2
745610,0,10
745611,6,6
745612,4,6
745613,1,2
745614,3,16
745615,2,2
745616,1,9
745617,5,9
745618,4,3
745619,4,4
745620,3,0
745621,2,4
745622,2,4
745623,3,1
745624,0,1
745625,3,11
745626,2,0
745627,2,3
745628,5,1
745629,1,5
745630,3,2
745631,6,5
745632,8,2
745633,5,8
745634,1,8
745635,4,0
745636,0,10
745637,3,6
745638,8,2
745639,2,3
745640,13,3
745641,5,0
745642,19,8
745643,5,0
745644,2,10
745645,2,3
745646,5,1
745647,7,5
745648,0,3
745649,6,5
745650,7,5
745651,4,6
745652,0,7
745653,2,5
745654,2,1
745655,1,1
745656,3,4
745657,0,3
745658,3,1
745659,11,12
745660,9,9
745661,3,4
745662,5,4
745663,3,6
745664,9,4
745665,3,1
745666,20,4
745667,3,12
745668,8,15
745669,2,4
745670,4,0
745671,6,3
745672,5,1
745673,5,2
745674,2,3
745675,0,9
745676,1,3
745677,1,3
745678,0,1
745679,1,1
745680,4,5
745681,7,6
745682,4,6
745683,3,3
745684,3,12
745685,4,9
745686,6,4
745687,0,8
745688,3,5
745689,1,7
745690,7,9
745691,10,1
745692,2,4
745693,5,2
745694,0,5
745695,1,1
745696,5,4
745697,3,3
745698,10,4
745699,5,6
745700,6,3
745701,7,14
745702,3,0
745703,2,9
745704,8,1
745705,6,0
745706,10,3
745707,5,9
745708,4,9
745709,5,2
745710,4,9
745711,8,7
745712,8,0
745713,2,8
745714,8,3
745715,2,3
745716,3,12
745717,9,1
745718,3,3
745719,5,8
745720,1,9
745721,6,1
745722,4,6
745723,0,3
745724,14,4
745725,3,5
745726,4,8
745727,1,3
745728,2,3
745729,1,8
745730,4,5
745731,8,3
745732,6,7
745733,4,2
745734,5,17
745735,3,11
745736,6,4
745737,1,2
745738,8,5
745739,5,1
745740,9,5
745741,5,0
745742,3,6
745743,7,3
745744,6,1
745745,7,2
745746,4,5
745747,4,2
745748,3,4
745749,9,4
745750,5,3
745751,5,2
745752,10,3
745753,7,3
745754,4,3
745755,1,3
745756,1,1
745757,0,2
745758,5,3
745759,5,4
745760,0,2
745761,7,0
745762,3,2
745763,2,5
745764,0,3
745765,8,3
745766,9,8
745767,2,1
745768,6,3
745769,10,6
745770,2,12
745771,10,0
745772,10,1
745773,1,1
745774,1,3
745775,4,0
745776,8,3
745777,4,4
745778,7,2
745779,4,1
745780,3,3
745781,3,3
745782,5,9
745783,6,7
745784,7,3
745785,4,0
745786,2,3
745787,2,0
745788,4,9
745789,3,8
745790,9,1
745791,15,2
745792,8,4
745793,0,4
745794,2,2
745795,2,9
745796,6,2
745797,5,8
745798,7,3
745799,7,0
745800,7,6
745801,6,9
745802,5,10
745803,7,5
745804,7,2
745805,5,1
745806,9,7
745807,11,6
745808,12,2
745809,1,2
745810,2,1
745811,10,4
745812,5,10
745813,4,5
745814,2,7
745815,2,4
745816,0,3
745817,3,10
745818,2,5
745819,3,2
745820,10,9
745821,0,4
745822,7,8
745823,2,7
745824,3,3
745825,2,3
745826,4,5
745827,2,4
745828,1,4
745829,0,1
745830,5,6
745831,4,2
745832,1,3
745833,4,7
745834,2,2
745835,2,4
745836,9,1
745837,3,1
745838,6,1
745839,7,11
745840,6,3
745841,2,1
745842,0,5
745843,1,1
745844,3,6
745845,1,4
745846,2,6
745847,2,7
745848,1,3
745849,2,9
745850,6,7
745851,1,4
745852,9,2
745853,6,8
745854,8,3
745855,4,8
745856,10,5
745857,6,4
745858,1,11
745859,0,15
745860,2,6
745861,4,3
745862,2,0
745863,2,3
745864,6,8
745865,6,10
745866,1,5
745867,13,3
745868,6,0
745869,1,4
745870,1,6
745871,6,3
745872,3,5
745873,1,2
745874,8,3
745875,10,2
745876,6,2
745877,4,4
745878,0,3
745879,13,7
745880,4,8
745881,7,2
745882,7,8
745883,2,2
745884,12,13
745885,9,3
745886,5,3
745887,2,3
745888,2,9
745889,6,7
745890,12,3
745891,8,7
745892,5,5
745893,6,6
745894,6,2
745895,6,2
745896,17,9
745897,5,0
745898,7,6
745899,4,5
745900,1,6
745901,5,3
745902,2,6
745903,4,2
745904,6,5
745905,3,2
745906,6,3
745907,0,5
745908,0,4
745909,1,5
745910,11,1
745911,3,1
745912,3,1
745913,2,9
745914,5,2
745915,6,10
745916,7,0
745917,5,5
745918,6,3
745919,6,3
745920,1,6
745921,4,3
745922,4,5
745923,3,2
745924,3,6
745925,2,4
745926,1,3
745927,4,2
745928,2,4
745929,10,9
745930,8,4
745931,6,0
745932,0,5
745933,1,1
745934,4,7
745935,1,5
745936,0,5
745937,1,5
745938,2,3
745939,6,2
745940,1,4
745941,2,3
745942,5,2
745943,5,3
745944,4,7
745945,6,0
745946,4,5
745947,9,3
745948,2,0
745949,5,3
745950,6,4
745951,5,4
745952,2,1
745953,2,5
745954,2,7
745955,1,0
745956,3,4
745957,8,3
745958,1,5
745959,8,3
745960,2,6
745961,6,2
745962,9,3
745963,5,6
745964,2,6
745965,2,5
745966,3,7
745967,0,1
745968,2,12
745969,9,0
745970,4,2
745971,7,1
745972,3,5
745973,3,1
745974,6,3
745975,5,5
745976,3,1
745977,5,4
745978,5,4
745979,5,6
745980,3,3
745981,0,3
745982,3,1
745983,12,5
745984,6,3
745985,6,4
745986,5,1
745987,3,6
745988,10,6
745989,4,3
745990,3,4
745991,6,8
745992,10,2
745993,11,2
745994,5,3
745995,7,1
745996,7,1
745997,8,2
745998,3,15
745999,0,1
746000,6,6
746001,5,15
746002,3,7
746003,12,4
746004,3,6
746005,1,0
746006,3,5
746007,5,5
746008,3,7
746009,3,2
746010,4,5
746011,4,20
746012,2,6
746013,4,3
746014,4,8
746015,11,9
746016,2,16
746017,10,1
746018,9,5
746019,3,3
746020,2,6
746021,2,5
746022,2,14
746023,7,2
746024,3,6
746025,7,6
746026,8,9
746027,6,9
746028,8,10
746029,1,3
746030,4,10
746031,6,4
746032,2,6
746033,2,8
746034,4,6
746035,6,3
746036,6,3
746037,6,7
746038,3,10
746039,4,4
746040,6,4
746041,0,1
746042,4,2
746043,5,6
746044,4,3
746045,2,7
746046,2,3
746047,3,8
746048,0,9
746049,8,8
746050,3,3
746051,6,4
746052,2,2
746053,3,2
746054,3,6
746055,6,7
746056,3,5
746057,0,8
746058,5,7
746059,8,2
746060,5,9
746061,0,6
746062,0,7
746063,1,0
746064,3,7
746065,8,0
746066,2,2
746067,9,9
746068,6,6
746069,3,8
746070,4,4
746071,2,8
746072,4,1
746073,6,6
746074,2,7
746075,4,11
746076,1,3
746077,9,12
746078,1,3
746079,7,9
746080,3,4
746081,6,3
746082,5,1
746083,2,10
746084,1,8
746085,4,7
746086,1,3
746087,3,9
746088,7,2
746089,5,6
746090,7,9
746091,2,7
746092,5,5
746093,2,4
746094,6,4
746095,4,3
746096,3,6
746097,3,6
746098,4,0
746099,7,2
746100,10,8
746101,4,10
746102,6,3
746103,6,4
746104,1,3
746105,2,3
746106,3,1
746107,6,3
746108,8,9
746109,3,0
746110,8,4
746111,3,3
746112,4,1
746113,9,5
746114,5,5
746115,4,9
746116,5,3
746117,6,4
746118,5,2
746119,3,8
746120,2,6
746121,6,6
746122,2,9
746123,4,1
746124,3,2
746125,9,6
746126,3,9
746127,8,5
746128,4,12
746129,5,3
746130,3,0
746131,2,3
746132,7,2
746133,5,5
746134,4,3
746135,2,7
746136,1,3
746137,1,3
746138,4,1
746139,15,2
746140,1,4
746141,4,0
746142,4,0
746143,0,6
746144,2,2
746145,3,7
746146,6,4
746147,8,2
746148,7,3
746149,6,3
746150,2,7
746151,3,1
746152,3,3
746153,5,1
746154,10,0
746155,11,2
746156,4,6
746157,6,2
746158,4,6
746159,0,2
746160,4,9
746161,5,2
746162,7,8
746163,5,4
746164,3,6
746165,7,1
746166,5,4
746167,6,3
746168,5,6
746169,5,4
746170,8,3
746171,8,9
746172,3,3
746173,2,5
746174,0,8
746175,11,15
746176,5,0
746177,3,5
746178,10,1
746179,4,8
746180,4,6
746181,3,5
746182,4,4
746183,3,2
746184,5,9
746185,2,6
746186,1,3
746187,1,6
746188,2,9
746189,3,2
746190,3,11
746191,3,2
746192,2,4
746193,1,5
746194,5,4
746195,8,6
746196,4,5
746197,10,7
746198,1,2
746199,5,6
746200,4,5
746201,3,2
746202,2,1
746203,1,3
746204,0,11
746205,7,2
746206,4,5
746207,4,5
746208,4,9
746209,6,7
746210,5,0
746211,5,5
746212,5,2
746213,7,5
746214,5,2
746215,5,3
746216,7,7
746217,3,6
746218,5,1
746219,0,2
746220,1,7
746221,3,2
746222,4,2
746223,1,6
746224,2,1
746225,3,8
746226,3,4
746227,4,10
746228,1,2
746229,4,3
746230,4,5
746231,7,2
746232,9,3
746233,5,10
746234,2,4
746235,6,7
746236,6,5
746237,5,11
746238,1,2
746239,5,7
746240,1,2
746241,4,10
746242,2,4
746243,3,5
746244,5,6
746245,5,16
746246,7,4
746247,2,4
746248,2,1
746249,6,8
746250,4,6
746251,2,12
746252,7,1
746253,0,2
746254,2,4
746255,0,9
746256,1,2
746257,5,0
746258,2,0
746259,4,2
746260,6,7
746261,1,3
746262,4,1
746263,3,11
746264,1,7
746265,2,4
746266,5,9
746267,3,0
746268,7,4
746269,8,3
746270,5,3
746271,2,11
746272,8,4
746273,5,6
746274,3,7
746275,5,8
746276,5,9
746277,6,0
746278,4,9
746279,6,8
746280,10,4
746281,2,6
746282,1,5
746283,4,2
746284,7,1
746285,8,10
746286,6,1
746287,4,1
746288,2,1
746289,2,7
746290,6,2
746291,5,1
746292,10,3
746293,1,2
746294,5,11
746295,2,4
746296,1,10
746297,5,6
746298,4,1
746299,2,3
746300,8,4
746301,3,3
746302,9,9
746303,8,11
746304,8,3
746305,3,7
746306,8,4
746307,8,3
746308,5,3
746309,10,3
746310,6,2
746311,4,15
746312,6,4
746313,3,2
746314,2,3
746315,5,6
746316,0,5
746317,3,2
746318,7,1
746319,3,5
746320,2,1
746321,3,2
746322,13,3
746323,11,2
746324,7,9
746325,9,4
746326,3,3
746327,10,1
746328,2,1
746329,3,0
746330,5,3
746331,1,8
746332,11,0
746333,1,5
746334,1,6
746335,1,4
746336,4,3
746337,6,3
746338,10,4
746339,8,9
746340,9,7
746341,3,1
746342,4,5
746343,8,0
746344,11,5
746345,6,12
746346,3,4
746347,7,2
746348,5,2
746349,5,6
746350,1,4
746351,4,4
746352,6,3
746353,2,2
746354,3,2
746355,6,1
746356,0,1
746357,4,5
746358,1,6
746359,2,0
746360,3,5
746361,5,0
746362,6,6
746363,5,4
746364,2,6
746365,2,6
746366,9,1
746367,6,3
746368,4,3
746369,1,2
746370,2,4
746371,6,3
746372,5,2
746373,8,1
746374,7,1
746375,14,11
746376,5,1
746377,4,1
746378,4,0
746379,2,4
746380,8,5
746381,5,13
746382,7,4
746383,3,4
746384,5,2
746385,5,5
746386,1,2
746387,1,6
746388,5,4
746389,2,4
746390,7,9
746391,8,1
746392,9,4
746393,9,2
746394,0,5
746395,4,5
746396,1,1
746397,3,0
746398,8,9
746399,2,3
746400,2,6
746401,4,5
746402,5,3
746403,8,2
746404,8,5
746405,9,2
746406,1,6
746407,8,0
746408,8,12
746409,10,0
746410,3,5
746411,1,2
746412,1,7
746413,3,4
746414,0,4
746415,4,3
746416,5,9
746417,4,1
746418,4,5
746419,4,2
746420,7,1
746421,2,1
746422,2,4
746423,1,0
746424,2,1
746425,7,4
746426,4,1
746427,2,4
746428,11,0
746429,6,2
746430,3,2
746431,2,2
746432,0,3
746433,5,7
746434,4,0
746435,15,1
746436,2,2
746437,2,1
746438,0,3
746439,2,3
746440,5,5
746441,0,5
746442,1,7
746443,2,9
746444,4,8
746445,0,5
746446,7,2
746447,9,9
746448,3,9
746449,3,3
746450,3,4
746451,8,9
746452,10,1
746453,5,4
746454,4,1
746455,1,0
746456,2,6
746457,11,2
746458,1,8
746459,1,5
746460,2,1
746461,4,5
746462,5,7
746463,10,2
746464,4,5
746465,7,2
746466,0,10
746467,8,0
746468,2,10
746469,11,11
746470,2,1
746471,6,5
746472,0,2
746473,0,1
746474,1,9
746475,6,2
746476,3,9
746477,1,2
746478,4,1
746479,2,5
746480,8,2
746481,11,6
746482,0,8
746483,4,1
746484,6,5
746485,7,9
746486,4,2
746487,4,5
746488,0,1
746489,5,11
746490,1,4
746491,8,2
746492,4,3
746493,1,7
746494,4,11
746495,10,8
746496,1,2
746497,5,4
746498,0,4
746499,2,13
746500,4,9
746501,2,5
746502,2,2
746503,8,2
746504,3,7
746505,1,6
746506,2,6
746507,7,5
746508,5,5
746509,9,5
746510,8,9
746511,3,5
746512,8,2
746513,3,2
746514,8,12
746515,3,8
746516,3,2
746517,9,8
746518,7,3
746519,6,3
746520,8,11
746521,3,5
746522,1,9
746523,6,5
746524,0,6
746525,20,7
746526,8,8
746527,4,3
746528,2,3
746529,3,1
746530,1,10
746531,7,3
746532,4,3
746533,4,2
746534,0,3
746535,7,7
746536,1,2
746537,3,4
746538,6,6
746539,3,5
746540,5,11
746541,7,7
746542,9,11
746543,5,9
746544,7,12
746545,2,5
746546,2,8
746547,16,4
746548,3,13
746549,8,6
746550,1,4
746551,7,4
746552,7,13
746553,4,2
746554,8,3
746555,3,1
746556,4,8
746557,5,2
746558,2,2
746559,0,5
746560,4,12
746561,2,8
746562,6,8
746563,9,1
746564,10,9
746565,1,3
746566,7,4
746567,2,5
746568,1,1
746569,7,5
746570,0,7
746571,2,3
746572,2,10
746573,3,5
746574,2,3
746575,6,8
746576,6,7
746578,3,4
746579,2,2
746580,2,5
746581,6,1
746582,4,4
746583,5,2
746584,6,1
746585,2,0
746586,1,3
746587,1,4
746588,4,3
746589,7,5
746590,0,3
746591,2,5
746592,6,1
746593,10,8
746594,1,6
746595,4,2
746596,4,9
746597,3,5
746598,6,1
746599,13,5
746600,6,7
746601,2,1
746602,3,5
746603,9,8
746604,3,7
746605,8,4
746606,5,9
746607,10,3
746608,4,7
746609,0,3
746610,1,2
746611,2,1
746612,2,8
746613,0,7
746614,5,4
746615,5,4
746616,5,4
746617,2,8
746618,7,0
746619,8,4
746620,2,4
746621,6,5
746622,6,3
746623,6,6
746624,7,1
746625,8,0
746626,6,3
746627,5,8
746628,3,4
746629,3,2
746630,8,5
746631,3,4
746632,2,5
746633,7,6
746634,6,3
746635,7,1
746636,2,2
746637,3,1
746638,7,11
746639,2,1
746640,4,4
746641,3,2
746642,11,4
746643,4,1
746644,7,1
746645,0,6
746646,6,4
746647,4,1
746648,7,7
746649,0,8
746650,10,2
746651,6,3
746652,6,2
746653,5,7
746654,4,0
746655,6,6
746656,2,3
746657,0,2
746658,2,8
746659,6,5
746660,7,1
746661,8,3
746662,1,7
746663,3,15
746664,1,0
746665,0,14
746666,12,5
746667,4,5
746668,5,3
746669,3,3
746670,8,9
746671,4,5
746672,6,9
746673,4,1
746674,1,7
746675,1,13
746676,1,8
746677,9,2
746678,4,13
746679,0,3
746680,2,8
746681,6,4
746682,6,1
746683,6,3
746684,7,1
746685,7,4
746686,2,3
746687,10,6
746688,8,1
746689,5,6
746690,12,6
746691,1,5
746692,6,0
746693,4,5
746694,3,5
746695,1,6
746696,11,5
746697,5,9
746698,5,2
746699,4,7
746700,3,4
746701,4,2
746702,3,5
746703,4,3
746704,3,2
746705,2,4
746706,3,5
746707,8,4
746708,3,1
746709,1,7
746710,3,1
746711,4,1
746712,3,7
746713,9,6
746714,4,6
746715,4,5
746716,2,0
746717,3,4
746718,2,6
746719,1,11
746720,1,2
746721,0,3
746722,8,1
746723,0,7
746724,0,5
746725,7,4
746726,7,5
746727,3,0
746728,2,7
746729,7,1
746730,4,5
746731,9,6
746732,5,9
746733,2,3
746734,1,3
746735,10,8
746736,6,7
746737,8,2
746738,7,0
746739,5,5
746740,6,6
746741,4,3
746742,3,3
746743,3,2
746744,0,2
746745,4,6
746746,3,5
746747,0,5
746748,1,2
746749,1,5
746750,0,2
746751,3,5
746752,3,4
746753,3,6
746754,4,9
746755,1,3
746756,4,13
746757,1,4
746758,2,5
746759,2,10
746760,6,7
746761,1,3
746762,12,2
746763,3,4
746764,3,10
746765,5,8
746766,2,6
746767,0,10
746768,3,6
746769,4,9
746770,3,6
746771,6,8
746772,3,1
746773,2,3
746774,1,4
746775,3,4
746776,5,3
746777,0,4
746778,11,3
746779,4,5
746780,0,3
746781,1,4
746782,3,5
746783,2,0
746784,2,14
746785,7,2
746786,6,1
746787,4,6
746788,1,5
746789,1,4
746790,1,3
746791,2,7
746792,6,8
746793,4,6
746794,3,5
746795,2,0
746796,3,6
746797,3,1
746798,0,7
746799,4,0
746800,5,10
746801,6,3
746802,3,2
746803,6,7
746804,2,3
746805,4,2
746806,5,6
746807,2,4
746808,9,4
746809,2,1
746810,4,11
746811,0,5
746812,1,11
746813,0,2
746814,3,2
746815,2,3
746816,1,0
746817,0,9
746818,6,7
746819,3,0
746820,0,3
746821,0,1
746822,1,0
746823,7,6
746824,3,1
746825,5,0
746826,1,5
746827,2,1
746828,9,2
746829,0,2
746830,3,4
746831,3,5
746832,0,3
746833,3,5
746834,0,5
746835,12,0
746836,10,2
746837,2,8
746838,0,1
746839,3,1
746840,7,3
746841,3,2
746842,8,2
746843,5,5
746844,6,2
746845,6,3
746846,4,5
746847,0,3
746848,0,1
746849,4,4
746850,3,1
746851,2,3
746852,0,3
746853,1,1
746854,2,5
746855,5,0
746856,0,7
746857,10,2
746858,3,5
746859,5,1
746860,4,6
746861,1,11
746862,2,5
746863,8,1
746864,6,5
746865,5,1
746866,1,2
746867,5,2
746868,6,7
746869,0,3
746870,7,5
746871,2,5
746872,7,6
746873,6,6
746874,0,3
746875,3,3
746876,2,9
746877,4,5
746878,3,9
746879,0,3
746880,2,3
746881,4,5
746882,0,0
746883,5,0
746884,6,5
746885,2,2
746886,3,6
746887,3,1
746888,7,2
746889,4,3
746890,1,3
746891,5,3
746892,8,3
746893,2,3
746894,3,6
746895,8,1
746896,1,4
746897,9,7
746898,12,2
746899,5,0
746900,9,8
746901,3,1
746902,2,7
746903,8,1
746904,1,2
746905,2,4
746906,9,3
746907,3,5
746908,2,3
746909,12,3
746910,2,7
746911,7,5
746912,3,1
746913,3,0
746914,0,2
746915,3,7
746916,6,3
746917,1,4
746918,5,7
746919,7,9
746920,2,12
746921,4,4
746922,4,5
746923,2,10
746924,9,4
746925,2,2
746926,6,10
746927,4,8
746928,14,7
746929,2,8
746930,5,0
746931,8,11
746932,5,4
746933,9,7
746934,2,5
746935,7,0
746936,1,6
746937,12,9
746938,4,1
746939,2,9
746940,1,11
746941,6,6
746942,1,4
746943,4,9
746944,9,3
746945,9,3
746946,8,4
746947,1,8
746948,8,6
746949,3,8
746950,9,0
746951,1,4
746952,6,3
746953,4,8
746954,0,5
746955,7,3
746956,2,7
746957,2,1
746958,3,6
746959,5,7
746960,3,4
746961,3,5
746962,4,4
746963,4,2
746964,1,5
746965,3,2
746966,6,2
746967,4,4
746968,4,0
746969,1,3
746970,4,5
746971,17,0
746972,1,7
746973,2,0
746974,0,6
746975,5,4
746976,7,10
746977,4,9
746978,0,7
746979,7,2
746980,5,7
746981,1,7
746982,3,4
746983,4,6
746984,7,1
746985,3,3
746986,1,7
746987,0,10
746988,3,5
746989,0,2
746990,1,8
746991,9,0
746992,13,3
746993,2,0
746994,3,6
746995,7,5
746996,3,2
746997,1,5
746998,0,6
746999,4,2
747000,4,1
747001,10,12
747002,5,1
747003,10,4
747004,3,9
747005,6,2
747006,4,9
747007,11,5
747008,8,6
747009,4,5
747010,4,6
747011,0,8
747012,1,4
747013,1,6
747014,2,9
747015,0,4
747016,2,11
747017,2,1
747018,6,5
747019,4,2
747020,11,2
747021,2,3
747022,8,10
747023,8,3
747024,6,2
747025,3,5
747026,3,6
747027,4,0
747028,4,2
747029,9,5
747030,3,4
747031,6,1
747032,3,1
747033,3,8
747034,11,3
747035,6,3
747036,3,4
747037,9,2
747038,1,2
747039,4,8
747040,2,3
747041,4,4
747042,2,9
747043,4,2
747044,7,2
747045,6,7
747046,2,0
747047,4,2
747048,0,2
747049,2,2
747050,2,3
747051,11,3
747052,7,0
747053,7,4
747054,5,11
747055,1,11
747056,6,4
747057,1,4
747058,4,4
747059,2,3
747060,11,3
747061,2,4
747062,1,4
747063,13,4
747064,3,0
747065,3,0
747066,1,1
747067,0,9
747068,5,1
747069,6,2
747070,10,1
747071,2,9
747072,3,3
747073,1,3
747074,3,1
747075,5,2
747076,5,9
747077,4,2
747078,1,5
747079,3,0
747080,2,2
747081,7,16
747082,3,2
747083,3,1
747084,2,3
747085,5,8
747086,0,10
747087,3,4
747088,0,7
747089,5,3
747090,0,1
747091,4,9
747092,4,2
747093,2,2
747094,2,6
747095,1,4
747096,5,9
747097,6,8
747098,6,0
747099,5,1
747100,3,1
747101,2,4
747102,3,5
747103,2,4
747104,1,1
747105,6,1
747106,7,0
747107,2,1
747108,2,1
747109,6,8
747110,3,1
747111,9,11
747112,7,3
747113,9,2
747114,1,3
747115,2,0
747116,4,2
747117,2,7
747118,4,8
747119,5,6
747120,1,9
747121,3,0
747122,1,3
747123,1,7
747124,7,0
747125,3,3
747126,4,2
747127,5,0
747128,2,0
747129,6,2
747130,5,0
747131,2,4
747132,3,3
747133,4,6
747134,3,0
747135,5,2
747136,8,3
747137,4,16
747138,6,5
747139,7,8
747140,9,8
747141,5,2
747142,7,8
747143,5,5
747144,8,2
747145,3,5
747146,0,5
747147,11,2
747148,8,15
747149,0,11
747150,3,6
747151,10,10
747152,6,0
747153,1,2
747154,14,4
747155,6,11
747156,9,10
747157,14,3
747158,6,8
747159,2,3
747160,2,3
747161,8,5
747162,3,8
747163,11,4
747164,11,1
747165,5,4
747166,12,5
747167,17,0
747168,2,2
747169,4,6
747170,5,4
747171,9,5
747172,7,8
747173,5,6
747174,4,3
747175,4,4
747176,7,8
747177,12,1
747178,1,0
747179,7,5
747180,2,6
747181,4,5
747182,5,1
747183,4,9
747184,3,8
747185,6,13
747186,3,0
747187,2,9
747188,5,4
747189,12,5
747190,9,4
747191,7,1
747192,11,1
747193,3,8
747194,2,2
747195,3,9
747196,8,5
747197,1,3
747198,6,4
747199,3,2
747200,0,3
747201,0,13
747202,3,8
747203,2,1
747204,4,5
747205,2,6
747206,11,4
747207,0,8
747208,1,7
747209,1,13
747210,2,3
747211,4,8
747212,3,5
747213,2,3
747214,11,11
747215,4,2
747216,5,0
747217,6,9
747218,2,5
747219,5,6
747220,7,0
747221,4,9
747222,5,1
747223,7,3
747224,16,1
775294,4,2
775296,6,7
775297,11,4
775298,2,4
775299,12,6
775300,2,3
775302,10,5
775303,2,10
775305,0,8
775306,3,7
775307,9,0
775309,2,5
775310,5,5
775311,6,8
775312,6,3
775313,4,1
775314,5,2
775316,7,2
775317,2,0
775318,2,6
775319,6,6
775320,0,8
775321,6,5
775322,2,10
775323,7,5
775324,7,0
775325,0,3
775326,7,3
775327,4,5
775328,3,0
775329,2,3
775331,1,3
775332,2,4
775333,4,0
775334,6,5
775336,5,4
775337,2,4
775339,5,3
775340,4,8
775341,1,2
775343,0,1
775344,2,5
775345,1,3
